,number,position,Q1,Q2,Q3,raceName,round,Driver.driverId,Driver.permanentNumber,Driver.code,Driver.url,Driver.givenName,Driver.familyName,Driver.dateOfBirth,Driver.nationality,Constructor.constructorId,Constructor.url,Constructor.name,Constructor.nationality
0,63,1,1:19.507,1:18.934,1:18.518,Australian Grand Prix,1,russell,63,RUS,http://en.wikipedia.org/wiki/George_Russell_(racing_driver),George,Russell,1998-02-15,British,mercedes,https://en.wikipedia.org/wiki/Mercedes-Benz_in_Formula_One,Mercedes,German
1,12,2,1:20.120,1:19.435,1:18.811,Australian Grand Prix,1,antonelli,12,ANT,https://en.wikipedia.org/wiki/Andrea_Kimi_Antonelli,Andrea Kimi,Antonelli,2006-08-25,Italian,mercedes,https://en.wikipedia.org/wiki/Mercedes-Benz_in_Formula_One,Mercedes,German
2,6,3,1:20.023,1:19.653,1:19.303,Australian Grand Prix,1,hadjar,6,HAD,https://en.wikipedia.org/wiki/Isack_Hadjar,Isack,Hadjar,2004-09-28,French,red_bull,https://en.wikipedia.org/wiki/Red_Bull_Racing,Red Bull,Austrian
3,16,4,1:20.226,1:19.357,1:19.327,Australian Grand Prix,1,leclerc,16,LEC,http://en.wikipedia.org/wiki/Charles_Leclerc,Charles,Leclerc,1997-10-16,Monegasque,ferrari,https://en.wikipedia.org/wiki/Scuderia_Ferrari,Ferrari,Italian
4,81,5,1:19.664,1:19.525,1:19.380,Australian Grand Prix,1,piastri,81,PIA,http://en.wikipedia.org/wiki/Oscar_Piastri,Oscar,Piastri,2001-04-06,Australian,mclaren,https://en.wikipedia.org/wiki/McLaren,McLaren,British
5,1,6,1:20.010,1:19.882,1:19.475,Australian Grand Prix,1,norris,1,NOR,http://en.wikipedia.org/wiki/Lando_Norris,Lando,Norris,1999-11-13,British,mclaren,https://en.wikipedia.org/wiki/McLaren,McLaren,British
6,44,7,1:19.811,1:19.921,1:19.478,Australian Grand Prix,1,hamilton,44,HAM,http://en.wikipedia.org/wiki/Lewis_Hamilton,Lewis,Hamilton,1985-01-07,British,ferrari,https://en.wikipedia.org/wiki/Scuderia_Ferrari,Ferrari,Italian
7,30,8,1:20.491,1:20.144,1:19.994,Australian Grand Prix,1,lawson,30,LAW,http://en.wikipedia.org/wiki/Liam_Lawson,Liam,Lawson,2002-02-11,New Zealander,rb,https://en.wikipedia.org/wiki/Racing_Bulls,RB F1 Team,Italian
8,41,9,1:20.409,1:19.971,1:21.247,Australian Grand Prix,1,arvid_lindblad,41,LIN,https://en.wikipedia.org/wiki/Arvid_Lindblad,Arvid,Lindblad,2007-08-08,British,rb,https://en.wikipedia.org/wiki/Racing_Bulls,RB F1 Team,Italian
9,5,10,1:20.495,1:20.221,,Australian Grand Prix,1,bortoleto,5,BOR,https://en.wikipedia.org/wiki/Gabriel_Bortoleto,Gabriel,Bortoleto,2004-10-14,Brazilian,audi,https://en.wikipedia.org/wiki/Audi_in_Formula_One,Audi,German
10,27,11,1:21.024,1:20.303,,Australian Grand Prix,1,hulkenberg,27,HUL,http://en.wikipedia.org/wiki/Nico_H%C3%BClkenberg,Nico,Hülkenberg,1987-08-19,German,audi,https://en.wikipedia.org/wiki/Audi_in_Formula_One,Audi,German
11,87,12,1:21.247,1:20.311,,Australian Grand Prix,1,bearman,87,BEA,http://en.wikipedia.org/wiki/Oliver_Bearman,Oliver,Bearman,2005-05-08,British,haas,https://en.wikipedia.org/wiki/Haas_F1_Team,Haas F1 Team,American
12,31,13,1:20.759,1:20.491,,Australian Grand Prix,1,ocon,31,OCO,http://en.wikipedia.org/wiki/Esteban_Ocon,Esteban,Ocon,1996-09-17,French,haas,https://en.wikipedia.org/wiki/Haas_F1_Team,Haas F1 Team,American
13,10,14,1:21.138,1:20.501,,Australian Grand Prix,1,gasly,10,GAS,http://en.wikipedia.org/wiki/Pierre_Gasly,Pierre,Gasly,1996-02-07,French,alpine,https://en.wikipedia.org/wiki/Alpine_F1_Team,Alpine F1 Team,French
14,23,15,1:21.051,1:20.941,,Australian Grand Prix,1,albon,23,ALB,http://en.wikipedia.org/wiki/Alexander_Albon,Alexander,Albon,1996-03-23,Thai,williams,https://en.wikipedia.org/wiki/Williams_Racing,Williams,British
15,43,16,1:21.200,1:21.270,,Australian Grand Prix,1,colapinto,43,COL,http://en.wikipedia.org/wiki/Franco_Colapinto,Franco,Colapinto,2003-05-27,Argentine,alpine,https://en.wikipedia.org/wiki/Alpine_F1_Team,Alpine F1 Team,French
16,14,17,1:21.969,,,Australian Grand Prix,1,alonso,14,ALO,http://en.wikipedia.org/wiki/Fernando_Alonso,Fernando,Alonso,1981-07-29,Spanish,aston_martin,https://en.wikipedia.org/wiki/Aston_Martin_in_Formula_One,Aston Martin,British
17,11,18,1:22.605,,,Australian Grand Prix,1,perez,11,PER,http://en.wikipedia.org/wiki/Sergio_P%C3%A9rez,Sergio,Pérez,1990-01-26,Mexican,cadillac,https://en.wikipedia.org/wiki/Cadillac_in_Formula_One,Cadillac F1 Team,American
18,77,19,1:23.244,,,Australian Grand Prix,1,bottas,77,BOT,http://en.wikipedia.org/wiki/Valtteri_Bottas,Valtteri,Bottas,1989-08-28,Finnish,cadillac,https://en.wikipedia.org/wiki/Cadillac_in_Formula_One,Cadillac F1 Team,American
19,12,1,1:33.305,1:32.443,1:32.064,Chinese Grand Prix,2,antonelli,12,ANT,https://en.wikipedia.org/wiki/Andrea_Kimi_Antonelli,Andrea Kimi,Antonelli,2006-08-25,Italian,mercedes,https://en.wikipedia.org/wiki/Mercedes-Benz_in_Formula_One,Mercedes,German
20,63,2,1:33.262,1:32.523,1:32.286,Chinese Grand Prix,2,russell,63,RUS,http://en.wikipedia.org/wiki/George_Russell_(racing_driver),George,Russell,1998-02-15,British,mercedes,https://en.wikipedia.org/wiki/Mercedes-Benz_in_Formula_One,Mercedes,German
21,44,3,1:33.522,1:32.567,1:32.415,Chinese Grand Prix,2,hamilton,44,HAM,http://en.wikipedia.org/wiki/Lewis_Hamilton,Lewis,Hamilton,1985-01-07,British,ferrari,https://en.wikipedia.org/wiki/Scuderia_Ferrari,Ferrari,Italian
22,16,4,1:33.175,1:32.486,1:32.428,Chinese Grand Prix,2,leclerc,16,LEC,http://en.wikipedia.org/wiki/Charles_Leclerc,Charles,Leclerc,1997-10-16,Monegasque,ferrari,https://en.wikipedia.org/wiki/Scuderia_Ferrari,Ferrari,Italian
23,81,5,1:33.590,1:33.130,1:32.550,Chinese Grand Prix,2,piastri,81,PIA,http://en.wikipedia.org/wiki/Oscar_Piastri,Oscar,Piastri,2001-04-06,Australian,mclaren,https://en.wikipedia.org/wiki/McLaren,McLaren,British
24,1,6,1:33.535,1:32.910,1:32.608,Chinese Grand Prix,2,norris,1,NOR,http://en.wikipedia.org/wiki/Lando_Norris,Lando,Norris,1999-11-13,British,mclaren,https://en.wikipedia.org/wiki/McLaren,McLaren,British
25,10,7,1:33.788,1:33.003,1:32.873,Chinese Grand Prix,2,gasly,10,GAS,http://en.wikipedia.org/wiki/Pierre_Gasly,Pierre,Gasly,1996-02-07,French,alpine,https://en.wikipedia.org/wiki/Alpine_F1_Team,Alpine F1 Team,French
26,3,8,1:33.417,1:33.098,1:33.002,Chinese Grand Prix,2,max_verstappen,3,VER,http://en.wikipedia.org/wiki/Max_Verstappen,Max,Verstappen,1997-09-30,Dutch,red_bull,https://en.wikipedia.org/wiki/Red_Bull_Racing,Red Bull,Austrian
27,6,9,1:33.632,1:33.352,1:33.121,Chinese Grand Prix,2,hadjar,6,HAD,https://en.wikipedia.org/wiki/Isack_Hadjar,Isack,Hadjar,2004-09-28,French,red_bull,https://en.wikipedia.org/wiki/Red_Bull_Racing,Red Bull,Austrian
28,87,10,1:33.687,1:33.197,1:33.292,Chinese Grand Prix,2,bearman,87,BEA,http://en.wikipedia.org/wiki/Oliver_Bearman,Oliver,Bearman,2005-05-08,British,haas,https://en.wikipedia.org/wiki/Haas_F1_Team,Haas F1 Team,American
29,5,16,1:33.549,1:33.965,,Chinese Grand Prix,2,bortoleto,5,BOR,https://en.wikipedia.org/wiki/Gabriel_Bortoleto,Gabriel,Bortoleto,2004-10-14,Brazilian,audi,https://en.wikipedia.org/wiki/Audi_in_Formula_One,Audi,German
